CountryCode2,MSOfficialCountryRegionShortName,Alpha2Code,,,,,,Alpha2Code,,MSOfficialCountryRegionShortName
ad,andorra,ad,,,,,,mv,,maldives
andorra,andorra,ad,,,,,,bh,,bahrain
ae,united arab emirates,ae,,,,,,se,,sweden
united arab emirates,united arab emirates,ae,,,,,,cx,,christmas island
af,afghanistan,af,,,,,,gd,,grenada
afghanistan,afghanistan,af,,,,,,mr,,mauritania
antigua and barbuda,antigua and barbuda,ag,,,,,,it,,italy
ag,antigua and barbuda,ag,,,,,,gt,,guatemala
ai,anguilla,ai,,,,,,gq,,equatorial guinea
anguilla,anguilla,ai,,,,,,bj,,benin
al,albania,al,,,,,,th,,thailand
albania,albania,al,,,,,,mg,,madagascar
armenia,armenia,am,,,,,,tm,,turkmenistan
am,armenia,am,,,,,,vc,,saint vincent and the grenadines
angola,angola,ao,,,,,,sv,,el salvador
ao,angola,ao,,,,,,ph,,philippines
aq,antarctica,aq,,,,,,pg,,papua new guinea
antarctica,antarctica,aq,,,,,,cr,,costa rica
argentina,argentina,ar,,,,,,be,,belgium
ar,argentina,ar,,,,,,pl,,poland
as,american samoa,as,,,,,,kh,,cambodia
american samoa,american samoa,as,,,,,,lk,,sri lanka
at,austria,at,,,,,,mo,,macao sar
austria,austria,at,,,,,,la,,laos
au,australia,au,,,,,,cc,,cocos (keeling) islands
australia,australia,au,,,,,,cn,,china
aruba,aruba,aw,,,,,,za,,south africa
aw,aruba,aw,,,,,,cv,,cabo verde
åland islands,åland islands,ax,,,,,,pn,,pitcairn islands
ax,åland islands,ax,,,,,,tt,,trinidad and tobago
az,azerbaijan,az,,,,,,gb,,united kingdom
azerbaijan,azerbaijan,az,,,,,,gu,,guam
bosnia and herzegovina,bosnia and herzegovina,ba,,,,,,bg,,bulgaria
ba,bosnia and herzegovina,ba,,,,,,de,,germany
barbados,barbados,bb,,,,,,kg,,kyrgyzstan
bb,barbados,bb,,,,,,bw,,botswana
bd,bangladesh,bd,,,,,,am,,armenia
bangladesh,bangladesh,bd,,,,,,sj,,svalbard
belgium,belgium,be,,,,,,dj,,djibouti
be,belgium,be,,,,,,eg,,egypt
bf,burkina faso,bf,,,,,,fo,,faroe islands
burkina faso,burkina faso,bf,,,,,,io,,british indian ocean territory
bg,bulgaria,bg,,,,,,pt,,portugal
bulgaria,bulgaria,bg,,,,,,mz,,mozambique
bahrain,bahrain,bh,,,,,,zw,,zimbabwe
bh,bahrain,bh,,,,,,tj,,tajikistan
bi,burundi,bi,,,,,,cw,,curaçao
burundi,burundi,bi,,,,,,ls,,lesotho
benin,benin,bj,,,,,,tv,,tuvalu
bj,benin,bj,,,,,,yt,,mayotte
saint barthélemy,saint barthélemy,bl,,,,,,bd,,bangladesh
bl,saint barthélemy,bl,,,,,,sm,,san marino
bermuda,bermuda,bm,,,,,,lc,,saint lucia
bm,bermuda,bm,,,,,,ml,,mali
bn,brunei,bn,,,,,,mx,,mexico
brunei,brunei,bn,,,,,,md,,moldova
bo,bolivia,bo,,,,,,et,,ethiopia
bolivia,bolivia,bo,,,,,,bq,,bonaire
bonaire,bonaire,bq,,,,,,lr,,liberia
bq,bonaire,bq,,,,,,tc,,turks and caicos islands
brazil,brazil,br,,,,,,vu,,vanuatu
br,brazil,br,,,,,,ru,,russia
bs,bahamas,bs,,,,,,ci,,côte d’ivoire
bahamas,bahamas,bs,,,,,,re,,réunion
bhutan,bhutan,bt,,,,,,cl,,chile
bt,bhutan,bt,,,,,,ba,,bosnia and herzegovina
bouvet island,bouvet island,bv,,,,,,to,,tonga
bv,bouvet island,bv,,,,,,no,,norway
botswana,botswana,bw,,,,,,ch,,switzerland
bw,botswana,bw,,,,,,sl,,sierra leone
belarus,belarus,by,,,,,,sk,,slovakia
by,belarus,by,,,,,,rs,,serbia
belize,belize,bz,,,,,,me,,montenegro
bz,belize,bz,,,,,,sh,,st helena ascension tristan da cunha
ca,canada,ca,,,,,,jo,,jordan
canada,canada,ca,,,,,,ag,,antigua and barbuda
cc,cocos (keeling) islands,cc,,,,,,pa,,panama
cd,congo (drc),cd,,,,,,gi,,gibraltar
cf,central african republic,cf,,,,,,je,,jersey
central african republic,central african republic,cf,,,,,,sa,,saudi arabia
cg,congo,cg,,,,,,gy,,guyana
congo,congo,cg,,,,,,cu,,cuba
switzerland,switzerland,ch,,,,,,ke,,kenya
ch,switzerland,ch,,,,,,nc,,new caledonia
ivory coast,côte d’ivoire,ci,,,,,,tn,,tunisia
ci,côte d’ivoire,ci,,,,,,az,,azerbaijan
côte d’ivoire,côte d’ivoire,ci,,,,,,ro,,romania
cook islands,cook islands,ck,,,,,,bn,,brunei
ck,cook islands,ck,,,,,,us,,united states
chile,chile,cl,,,,,,pr,,puerto rico
cl,chile,cl,,,,,,tz,,tanzania
cm,cameroon,cm,,,,,,tw,,taiwan
cameroon,cameroon,cm,,,,,,es,,spain
cn,china,cn,,,,,,gp,,guadeloupe
china,china,cn,,,,,,om,,oman
colombia,colombia,co,,,,,,is,,iceland
co,colombia,co,,,,,,br,,brazil
cr,costa rica,cr,,,,,,fj,,fiji
costa rica,costa rica,cr,,,,,,bo,,bolivia
cu,cuba,cu,,,,,,ua,,ukraine
cuba,cuba,cu,,,,,,rw,,rwanda
cape verde,cabo verde,cv,,,,,,aw,,aruba
cv,cabo verde,cv,,,,,,mt,,malta
cabo verde,cabo verde,cv,,,,,,so,,somalia
curaçao,curaçao,cw,,,,,,ae,,united arab emirates
cw,curaçao,cw,,,,,,my,,malaysia
cx,christmas island,cx,,,,,,gl,,greenland
christmas island,christmas island,cx,,,,,,mk,,north macedonia
cyprus,cyprus,cy,,,,,,bt,,bhutan
cy,cyprus,cy,,,,,,pm,,saint pierre and miquelon
czechia,czechia,cz,,,,,,ad,,andorra
cz,czechia,cz,,,,,,ck,,cook islands
czech republic,czechia,cz,,,,,,mc,,monaco
germany,germany,de,,,,,,lb,,lebanon
de,germany,de,,,,,,qa,,qatar
djibouti,djibouti,dj,,,,,,uy,,uruguay
dj,djibouti,dj,,,,,,cf,,central african republic
dk,denmark,dk,,,,,,il,,israel
denmark,denmark,dk,,,,,,tl,,timor-leste
dominica,dominica,dm,,,,,,uz,,uzbekistan
dm,dominica,dm,,,,,,nz,,new zealand
dominican republic,dominican republic,do,,,,,,dz,,algeria
do,dominican republic,do,,,,,,ar,,argentina
dz,algeria,dz,,,,,,si,,slovenia
algeria,algeria,dz,,,,,,vg,,british virgin islands
ec,ecuador,ec,,,,,,hk,,hong kong sar
ecuador,ecuador,ec,,,,,,al,,albania
estonia,estonia,ee,,,,,,va,,vatican city
ee,estonia,ee,,,,,,bl,,saint barthélemy
eg,egypt,eg,,,,,,xs,,saba
egypt,egypt,eg,,,,,,ki,,kiribati
eritrea,eritrea,er,,,,,,xk,,kosovo
er,eritrea,er,,,,,,lt,,lithuania
spain,spain,es,,,,,,hn,,honduras
es,spain,es,,,,,,sz,,eswatini
et,ethiopia,et,,,,,,pf,,french polynesia
ethiopia,ethiopia,et,,,,,,nu,,niue
fi,finland,fi,,,,,,hu,,hungary
finland,finland,fi,,,,,,bs,,bahamas
fj,fiji,fj,,,,,,ge,,georgia
fiji,fiji,fj,,,,,,ma,,morocco
fk,falkland islands,fk,,,,,,au,,australia
falkland islands,falkland islands,fk,,,,,,vn,,vietnam
micronesia,micronesia,fm,,,,,,nl,,netherlands
fm,micronesia,fm,,,,,,ps,,palestinian authority
fo,faroe islands,fo,,,,,,mp,,northern mariana islands
faroe islands,faroe islands,fo,,,,,,kw,,kuwait
france,france,fr,,,,,,vi,,u.s. virgin islands
fr,france,fr,,,,,,im,,isle of man
gabon,gabon,ga,,,,,,nr,,nauru
ga,gabon,ga,,,,,,cd,,congo (drc)
scotland,united kingdom,gb,,,,,,gr,,greece
uk,united kingdom,gb,,,,,,wf,,wallis and futuna
wales,united kingdom,gb,,,,,,jp,,japan
gb,united kingdom,gb,,,,,,bf,,burkina faso
united kingdom,united kingdom,gb,,,,,,sn,,senegal
gbr,united kingdom,gb,,,,,,co,,colombia
england,united kingdom,gb,,,,,,kn,,saint kitts and nevis
gd,grenada,gd,,,,,,sg,,singapore
grenada,grenada,gd,,,,,,lv,,latvia
georgia,georgia,ge,,,,,,sc,,seychelles
ge,georgia,ge,,,,,,gf,,french guiana
gf,french guiana,gf,,,,,,in,,india
french guiana,french guiana,gf,,,,,,tf,,french southern territories
guernsey,guernsey,gg,,,,,,ni,,nicaragua
gg,guernsey,gg,,,,,,iq,,iraq
ghana,ghana,gh,,,,,,sb,,solomon islands
gh,ghana,gh,,,,,,gs,,south georgia and south sandwich islands
gibraltar,gibraltar,gi,,,,,,kz,,kazakhstan
gi,gibraltar,gi,,,,,,dk,,denmark
greenland,greenland,gl,,,,,,kr,,korea
gl,greenland,gl,,,,,,tr,,turkey
gambia,gambia,gm,,,,,,ai,,anguilla
gm,gambia,gm,,,,,,kp,,north korea
guinea,guinea,gn,,,,,,ca,,canada
gn,guinea,gn,,,,,,py,,paraguay
gp,guadeloupe,gp,,,,,,ao,,angola
guadeloupe,guadeloupe,gp,,,,,,bm,,bermuda
gq,equatorial guinea,gq,,,,,,by,,belarus
equatorial guinea,equatorial guinea,gq,,,,,,fm,,micronesia
grc,greece,gr,,,,,,ee,,estonia
gr,greece,gr,,,,,,ky,,cayman islands
greece,greece,gr,,,,,,mf,,saint martin
south georgia and south sandwich islands,south georgia and south sandwich islands,gs,,,,,,do,,dominican republic
gs,south georgia and south sandwich islands,gs,,,,,,mm,,myanmar
guatemala,guatemala,gt,,,,,,mw,,malawi
gt,guatemala,gt,,,,,,ss,,south sudan
guam,guam,gu,,,,,,null,,null
gu,guam,gu,,,,,,lu,,luxembourg
gw,guinea-bissau,gw,,,,,,ng,,nigeria
guyana,guyana,gy,,,,,,bv,,bouvet island
gy,guyana,gy,,,,,,ug,,uganda
hk,hong kong sar,hk,,,,,,ir,,iran
hong kong sar,hong kong sar,hk,,,,,,pk,,pakistan
hong kong,hong kong sar,hk,,,,,,gw,,guinea-bissau
hm,heard island and mcdonald islands,hm,,,,,,tg,,togo
heard island and mcdonald islands,heard island and mcdonald islands,hm,,,,,,ms,,montserrat
hn,honduras,hn,,,,,,sr,,suriname
honduras,honduras,hn,,,,,,sy,,syria
croatia,croatia,hr,,,,,,ht,,haiti
hr,croatia,hr,,,,,,bb,,barbados
haiti,haiti,ht,,,,,,td,,chad
ht,haiti,ht,,,,,,ax,,åland islands
hu,hungary,hu,,,,,,li,,liechtenstein
hungary,hungary,hu,,,,,,ec,,ecuador
indonesia,indonesia,id,,,,,,ie,,ireland
id,indonesia,id,,,,,,np,,nepal
ie,ireland,ie,,,,,,af,,afghanistan
ireland,ireland,ie,,,,,,pe,,peru
northern ireland,ireland,ie,,,,,,sx,,sint maarten
israel,israel,il,,,,,,cy,,cyprus
il,israel,il,,,,,,er,,eritrea
isle of man,isle of man,im,,,,,,aq,,antarctica
im,isle of man,im,,,,,,gm,,gambia
in,india,in,,,,,,fk,,falkland islands
india,india,in,,,,,,jm,,jamaica
io,british indian ocean territory,io,,,,,,xj,,jan mayen
british indian ocean territory,british indian ocean territory,io,,,,,,bz,,belize
iraq,iraq,iq,,,,,,na,,namibia
iq,iraq,iq,,,,,,ne,,niger
ir,iran,ir,,,,,,sd,,sudan
iran,iran,ir,,,,,,at,,austria
is,iceland,is,,,,,,mn,,mongolia
iceland,iceland,is,,,,,,hm,,heard island and mcdonald islands
italy,italy,it,,,,,,ye,,yemen
it,italy,it,,,,,,fr,,france
je,jersey,je,,,,,,cz,,czechia
jersey,jersey,je,,,,,,zm,,zambia
jm,jamaica,jm,,,,,,mq,,martinique
jamaica,jamaica,jm,,,,,,gh,,ghana
jo,jordan,jo,,,,,,nf,,norfolk island
jordan,jordan,jo,,,,,,pw,,palau
jp,japan,jp,,,,,,bi,,burundi
japan,japan,jp,,,,,,st,,são tomé and príncipe
ke,kenya,ke,,,,,,gg,,guernsey
kenya,kenya,ke,,,,,,mh,,marshall islands
kyrgyzstan,kyrgyzstan,kg,,,,,,cg,,congo
kg,kyrgyzstan,kg,,,,,,ga,,gabon
kh,cambodia,kh,,,,,,ve,,venezuela
cambodia,cambodia,kh,,,,,,id,,indonesia
kiribati,kiribati,ki,,,,,,km,,comoros
ki,kiribati,ki,,,,,,tk,,tokelau
comoros,comoros,km,,,,,,fi,,finland
km,comoros,km,,,,,,hr,,croatia
kn,saint kitts and nevis,kn,,,,,,mu,,mauritius
saint kitts and nevis,saint kitts and nevis,kn,,,,,,cm,,cameroon
north korea,north korea,kp,,,,,,xe,,sint eustatius
kp,north korea,kp,,,,,,ly,,libya
kr,korea,kr,,,,,,as,,american samoa
korea,korea,kr,,,,,,gn,,guinea
kuwait,kuwait,kw,,,,,,ws,,samoa
kw,kuwait,kw,,,,,,dm,,dominica
cayman islands,cayman islands,ky,,,,,,um,,u.s. outlying islands
ky,cayman islands,ky,,,,,,,,
kz,kazakhstan,kz,,,,,,,,
kazakhstan,kazakhstan,kz,,,,,,,,
laos,laos,la,,,,,,,,
la,laos,la,,,,,,,,
lebanon,lebanon,lb,,,,,,,,
lb,lebanon,lb,,,,,,,,
saint lucia,saint lucia,lc,,,,,,,,
lc,saint lucia,lc,,,,,,,,
li,liechtenstein,li,,,,,,,,
liechtenstein,liechtenstein,li,,,,,,,,
sri lanka,sri lanka,lk,,,,,,,,
lk,sri lanka,lk,,,,,,,,
lr,liberia,lr,,,,,,,,
liberia,liberia,lr,,,,,,,,
lesotho,lesotho,ls,,,,,,,,
ls,lesotho,ls,,,,,,,,
lithuania,lithuania,lt,,,,,,,,
lt,lithuania,lt,,,,,,,,
lu,luxembourg,lu,,,,,,,,
luxembourg,luxembourg,lu,,,,,,,,
latvia,latvia,lv,,,,,,,,
lv,latvia,lv,,,,,,,,
ly,libya,ly,,,,,,,,
libya,libya,ly,,,,,,,,
morocco,morocco,ma,,,,,,,,
ma,morocco,ma,,,,,,,,
mc,monaco,mc,,,,,,,,
monaco,monaco,mc,,,,,,,,
md,moldova,md,,,,,,,,
moldova,moldova,md,,,,,,,,
me,montenegro,me,,,,,,,,
montenegro,montenegro,me,,,,,,,,
mf,saint martin,mf,,,,,,,,
saint martin,saint martin,mf,,,,,,,,
mg,madagascar,mg,,,,,,,,
madagascar,madagascar,mg,,,,,,,,
marshall islands,marshall islands,mh,,,,,,,,
mh,marshall islands,mh,,,,,,,,
mk,north macedonia,mk,,,,,,,,
north macedonia,north macedonia,mk,,,,,,,,
ml,mali,ml,,,,,,,,
mali,mali,ml,,,,,,,,
mm,myanmar,mm,,,,,,,,
myanmar,myanmar,mm,,,,,,,,
mongolia,mongolia,mn,,,,,,,,
mn,mongolia,mn,,,,,,,,
macao sar,macao sar,mo,,,,,,,,
mo,macao sar,mo,,,,,,,,
northern mariana islands,northern mariana islands,mp,,,,,,,,
mp,northern mariana islands,mp,,,,,,,,
martinique,martinique,mq,,,,,,,,
mq,martinique,mq,,,,,,,,
mauritania,mauritania,mr,,,,,,,,
mr,mauritania,mr,,,,,,,,
montserrat,montserrat,ms,,,,,,,,
ms,montserrat,ms,,,,,,,,
mt,malta,mt,,,,,,,,
malta,malta,mt,,,,,,,,
mauritius,mauritius,mu,,,,,,,,
mu,mauritius,mu,,,,,,,,
maldives,maldives,mv,,,,,,,,
mv,maldives,mv,,,,,,,,
malawi,malawi,mw,,,,,,,,
mw,malawi,mw,,,,,,,,
mexico,mexico,mx,,,,,,,,
mx,mexico,mx,,,,,,,,
malaysia,malaysia,my,,,,,,,,
my,malaysia,my,,,,,,,,
mozambique,mozambique,mz,,,,,,,,
mz,mozambique,mz,,,,,,,,
namibia,namibia,na,,,,,,,,
nam,namibia,na,,,,,,,,
na,namibia,na,,,,,,,,
nc,new caledonia,nc,,,,,,,,
new caledonia,new caledonia,nc,,,,,,,,
niger,niger,ne,,,,,,,,
ne,niger,ne,,,,,,,,
nf,norfolk island,nf,,,,,,,,
norfolk island,norfolk island,nf,,,,,,,,
ng,nigeria,ng,,,,,,,,
nigeria,nigeria,ng,,,,,,,,
nicaragua,nicaragua,ni,,,,,,,,
ni,nicaragua,ni,,,,,,,,
nl,netherlands,nl,,,,,,,,
curacao,netherlands,nl,,,,,,,,
netherlands,netherlands,nl,,,,,,,,
norway,norway,no,,,,,,,,
no,norway,no,,,,,,,,
np,nepal,np,,,,,,,,
nepal,nepal,np,,,,,,,,
nauru,nauru,nr,,,,,,,,
nr,nauru,nr,,,,,,,,
nu,niue,nu,,,,,,,,
niue,niue,nu,,,,,,,,
western sahara,null,null,,,,,,,,
nz,new zealand,nz,,,,,,,,
new zealand,new zealand,nz,,,,,,,,
om,oman,om,,,,,,,,
oman,oman,om,,,,,,,,
pa,panama,pa,,,,,,,,
panama,panama,pa,,,,,,,,
peru,peru,pe,,,,,,,,
pe,peru,pe,,,,,,,,
french polynesia,french polynesia,pf,,,,,,,,
pf,french polynesia,pf,,,,,,,,
papua new guinea,papua new guinea,pg,,,,,,,,
pg,papua new guinea,pg,,,,,,,,
ph,philippines,ph,,,,,,,,
philippines,philippines,ph,,,,,,,,
pk,pakistan,pk,,,,,,,,
pakistan,pakistan,pk,,,,,,,,
pl,poland,pl,,,,,,,,
poland,poland,pl,,,,,,,,
saint pierre and miquelon,saint pierre and miquelon,pm,,,,,,,,
pm,saint pierre and miquelon,pm,,,,,,,,
pn,pitcairn islands,pn,,,,,,,,
pitcairn islands,pitcairn islands,pn,,,,,,,,
pr,puerto rico,pr,,,,,,,,
puerto rico,puerto rico,pr,,,,,,,,
palestinian authority,palestinian authority,ps,,,,,,,,
ps,palestinian authority,ps,,,,,,,,
portugal,portugal,pt,,,,,,,,
pt,portugal,pt,,,,,,,,
palau,palau,pw,,,,,,,,
pw,palau,pw,,,,,,,,
paraguay,paraguay,py,,,,,,,,
py,paraguay,py,,,,,,,,
qa,qatar,qa,,,,,,,,
qatar,qatar,qa,,,,,,,,
re,réunion,re,,,,,,,,
réunion,réunion,re,,,,,,,,
romania,romania,ro,,,,,,,,
ro,romania,ro,,,,,,,,
serbia,serbia,rs,,,,,,,,
rs,serbia,rs,,,,,,,,
russian federation,russia,ru,,,,,,,,
russia,russia,ru,,,,,,,,
ru,russia,ru,,,,,,,,
rwanda,rwanda,rw,,,,,,,,
rw,rwanda,rw,,,,,,,,
sa,saudi arabia,sa,,,,,,,,
saudi arabia,saudi arabia,sa,,,,,,,,
sb,solomon islands,sb,,,,,,,,
solomon islands,solomon islands,sb,,,,,,,,
seychelles,seychelles,sc,,,,,,,,
sc,seychelles,sc,,,,,,,,
sd,sudan,sd,,,,,,,,
sudan,sudan,sd,,,,,,,,
sweden,sweden,se,,,,,,,,
se,sweden,se,,,,,,,,
sg,singapore,sg,,,,,,,,
singapore,singapore,sg,,,,,,,,
st helena ascension tristan da cunha,st helena ascension tristan da cunha,sh,,,,,,,,
sh,st helena ascension tristan da cunha,sh,,,,,,,,
slovenia,slovenia,si,,,,,,,,
si,slovenia,si,,,,,,,,
sj,svalbard,sj,,,,,,,,
svalbard,svalbard,sj,,,,,,,,
sk,slovakia,sk,,,,,,,,
slovakia,slovakia,sk,,,,,,,,
sl,sierra leone,sl,,,,,,,,
sierra leone,sierra leone,sl,,,,,,,,
san marino,san marino,sm,,,,,,,,
sm,san marino,sm,,,,,,,,
sn,senegal,sn,,,,,,,,
senegal,senegal,sn,,,,,,,,
so,somalia,so,,,,,,,,
somalia,somalia,so,,,,,,,,
sr,suriname,sr,,,,,,,,
suriname,suriname,sr,,,,,,,,
ss,south sudan,ss,,,,,,,,
south sudan,south sudan,ss,,,,,,,,
st,são tomé and príncipe,st,,,,,,,,
são tomé and príncipe,são tomé and príncipe,st,,,,,,,,
el salvador,el salvador,sv,,,,,,,,
sv,el salvador,sv,,,,,,,,
sx,sint maarten,sx,,,,,,,,
sint maarten,sint maarten,sx,,,,,,,,
sy,syria,sy,,,,,,,,
syria,syria,sy,,,,,,,,
sz,eswatini,sz,,,,,,,,
swaziland,eswatini,sz,,,,,,,,
eswatini,eswatini,sz,,,,,,,,
turks and caicos islands,turks and caicos islands,tc,,,,,,,,
tc,turks and caicos islands,tc,,,,,,,,
chad,chad,td,,,,,,,,
td,chad,td,,,,,,,,
tf,french southern territories,tf,,,,,,,,
french southern territories,french southern territories,tf,,,,,,,,
tg,togo,tg,,,,,,,,
togo,togo,tg,,,,,,,,
thailand,thailand,th,,,,,,,,
th,thailand,th,,,,,,,,
tj,tajikistan,tj,,,,,,,,
tajikistan,tajikistan,tj,,,,,,,,
tokelau,tokelau,tk,,,,,,,,
tk,tokelau,tk,,,,,,,,
tl,timor-leste,tl,,,,,,,,
tm,turkmenistan,tm,,,,,,,,
turkmenistan,turkmenistan,tm,,,,,,,,
tn,tunisia,tn,,,,,,,,
tunisia,tunisia,tn,,,,,,,,
tonga,tonga,to,,,,,,,,
to,tonga,to,,,,,,,,
turkey,turkey,tr,,,,,,,,
tr,turkey,tr,,,,,,,,
trinidad and tobago,trinidad and tobago,tt,,,,,,,,
tt,trinidad and tobago,tt,,,,,,,,
tuvalu,tuvalu,tv,,,,,,,,
tv,tuvalu,tv,,,,,,,,
tw,taiwan,tw,,,,,,,,
taiwan,taiwan,tw,,,,,,,,
tanzania,tanzania,tz,,,,,,,,
tz,tanzania,tz,,,,,,,,
ua,ukraine,ua,,,,,,,,
ukraine,ukraine,ua,,,,,,,,
uganda,uganda,ug,,,,,,,,
ug,uganda,ug,,,,,,,,
um,u.s. outlying islands,um,,,,,,,,
us,united states,us,,,,,,,,
united states,united states,us,,,,,,,,
usa,united states,us,,,,,,,,
uruguay,uruguay,uy,,,,,,,,
uy,uruguay,uy,,,,,,,,
uzbekistan,uzbekistan,uz,,,,,,,,
uz,uzbekistan,uz,,,,,,,,
vatican city,vatican city,va,,,,,,,,
va,vatican city,va,,,,,,,,
saint vincent and the grenadines,saint vincent and the grenadines,vc,,,,,,,,
vc,saint vincent and the grenadines,vc,,,,,,,,
ve,venezuela,ve,,,,,,,,
venezuela,venezuela,ve,,,,,,,,
british virgin islands,british virgin islands,vg,,,,,,,,
vg,british virgin islands,vg,,,,,,,,
vi,u.s. virgin islands,vi,,,,,,,,
vn,vietnam,vn,,,,,,,,
vietnam,vietnam,vn,,,,,,,,
vanuatu,vanuatu,vu,,,,,,,,
vu,vanuatu,vu,,,,,,,,
wf,wallis and futuna,wf,,,,,,,,
wallis and futuna,wallis and futuna,wf,,,,,,,,
samoa,samoa,ws,,,,,,,,
ws,samoa,ws,,,,,,,,
sint eustatius,sint eustatius,xe,,,,,,,,
jan mayen,jan mayen,xj,,,,,,,,
xk,kosovo,xk,,,,,,,,
serbia,kosovo,xk,,,,,,,,
kosovo,kosovo,xk,,,,,,,,
saba,saba,xs,,,,,,,,
ye,yemen,ye,,,,,,,,
yemen,yemen,ye,,,,,,,,
yt,mayotte,yt,,,,,,,,
mayotte,mayotte,yt,,,,,,,,
south africa,south africa,za,,,,,,,,
za,south africa,za,,,,,,,,
zm,zambia,zm,,,,,,,,
zambia,zambia,zm,,,,,,,,
zw,zimbabwe,zw,,,,,,,,
zimbabwe,zimbabwe,zw,,,,,,,,
